{
  "user_id": "ramzi",
  "timestamp": "2026-04-22T18:11:18.425625",
  "configured_threshold": 0.45,
  "n_genuine": 20,
  "n_imposter": 20,
  "genuine_distances": [
    0.40480138667546106,
    0.4102614624248545,
    0.4048953236416904,
    0.4310265010440912,
    0.4296236183303377,
    0.4471000775412913,
    0.46009018476516966,
    0.4622191880472772,
    0.45049638923240815,
    0.4232663789684854,
    0.40961969204901466,
    0.4354647061410224,
    0.4374350761165589,
    0.42352488097204183,
    0.41673830215520596,
    0.4381053879694232,
    0.4701832327170087,
    0.4623140704016477,
    0.436000612088861,
    0.4266027291408497
  ],
  "imposter_distances": [
    0.44700638891560823,
    0.4123689041992842,
    0.4472695730015194,
    0.41336794177852076,
    0.4988131049241701,
    0.7302736643341678,
    0.7982609016278882,
    0.7781290808602342,
    0.7653184500180851,
    0.7951239553742961,
    0.8079675731725829,
    0.7980096157764377,
    0.7678272633476655,
    0.7752178137531158,
    0.7479971747781556,
    0.7681959830870833,
    0.7756977983945681,
    0.7683530565984867,
    0.7003088924150894,
    0.6889542471418243
  ],
  "far": 0.2,
  "frr": 0.2,
  "eer": 0.2,
  "threshold_at_eer": 0.4508544380388598
}