{
  "user_id": "tst1",
  "timestamp": "2026-04-21T17:00:10.469992",
  "configured_threshold": 0.45,
  "n_genuine": 20,
  "n_imposter": 20,
  "genuine_distances": [
    0.2737991239535163,
    0.22359419512743478,
    0.22866495108805296,
    0.21089921669289766,
    0.26573440895058675,
    0.7513155399188354,
    0.7327300966375806,
    0.7823197075059457,
    0.7428088418379395,
    0.7856565225697701,
    0.22815208111650945,
    0.2349799269846715,
    0.39570851073645885,
    0.38050708734619104,
    0.29997127446916944,
    0.2762748883907446,
    0.28316188139533843,
    0.26262648853457704,
    0.3002735277165332,
    0.340819448932531
  ],
  "imposter_distances": [
    0.24855229845295992,
    0.22958431382131536,
    0.228029779953816,
    0.3509539584735126,
    0.7563430734516976,
    0.7063365506209055,
    0.7140723751451605,
    0.6995167105864902,
    0.7289473684165702,
    0.753451415432718,
    0.7931610274181009,
    0.7699483710979073,
    0.7567074732949853,
    0.7211448508198702,
    0.736261588861249,
    0.7860747892646615,
    0.7799720193198987,
    0.7516054504419204,
    0.731813685653531,
    0.7893868078647587
  ],
  "far": 0.25,
  "frr": 0.25,
  "eer": 0.25,
  "threshold_at_eer": 0.6998124405282887
}